{
  "command": null,
  "duration": 30.005030,
  "height": 30,
  "width": 150,
  "env": {
    "TERM": "xterm",
    "SHELL": "/bin/bash"
  },
  "title": null,
  "version": 1,
  "stdout": [
    [
      0.197649,
      "~/tense/example$ "
    ],
    [
      0.343735,
      "t"
    ],
    [
      0.19235,
      "e"
    ],
    [
      0.215237,
      "n"
    ],
    [
      0.125024,
      "s"
    ],
    [
      0.127179,
      "e"
    ],
    [
      0.138361,
      " "
    ],
    [
      0.249436,
      "r"
    ],
    [
      0.132553,
      "u"
    ],
    [
      0.23298,
      "n"
    ],
    [
      1.051855,
      "\r\n"
    ],
    [
      0.23762,
      " _______ ___ __ __ _____ _____\r\n|__   __| __|  \\  |  ___/  ___|\r\n  |   |  __|      |___  |  __|\r\n  |___|_____|__\\__|_____|_____|\r\n\r\n\u001b[34mTest environment setup & execution\u001b[39m   \u001b[32mdev-master\u001b[39m\r\n\r\n"
    ],
    [
      0.030429,
      "\u001b[96m:: Testing against ProcessWire 2.5 ::\u001b[30;39m\r\n\r\n"
    ],
    [
      0.002218,
      "\u001b[37mInitializing ... \u001b[39m"
    ],
    [
      2.483191,
      "\r                              "
    ],
    [
      0.000293,
      "\r"
    ],
    [
      0.000259,
      "\u001b[90mUsing latest matching ProcessWire version: 2.5.3\u001b[30;39m\r\n\r\n"
    ],
    [
      0.677698,
      "\u001b[37mInstalling ProcessWire 2.5.3 ... \u001b[39m"
    ],
    [
      3.112178,
      "\r"
    ],
    [
      0.000205,
      "                                              \r"
    ],
    [
      0.000193,
      "\u001b[90m▌\u001b[30;39m P"
    ],
    [
      0.000173,
      "HPUnit 5.7.15 "
    ],
    [
      0.000271,
      "by Seba"
    ],
    [
      0.000161,
      "stian Berg"
    ],
    [
      0.000202,
      "mann and"
    ],
    [
      0.000147,
      " contributor"
    ],
    [
      0.000115,
      "s.\r\n"
    ],
    [
      0.00102,
      "\u001b[90m▌\u001b[30;39m \r\n"
    ],
    [
      0.22814,
      "\u001b[90m▌\u001b[30;39m ."
    ],
    [
      0.00156,
      "."
    ],
    [
      0.002037,
      "\u001b[41;"
    ],
    [
      0.000139,
      "37mF\u001b[0m "
    ],
    [
      0.000092,
      "        "
    ],
    [
      0.000093,
      "      "
    ],
    [
      0.000081,
      "      "
    ],
    [
      0.00008,
      "      "
    ],
    [
      0.00009,
      "      "
    ],
    [
      0.00011,
      "        "
    ],
    [
      0.000078,
      "     "
    ],
    [
      0.000086,
      "      "
    ],
    [
      0.000079,
      "     "
    ],
    [
      0.00009,
      "      "
    ],
    [
      0.000095,
      "  3"
    ],
    [
      0.000079,
      " / 3 ("
    ],
    [
      0.000077,
      "100%)"
    ],
    [
      0.000106,
      "\r\n"
    ],
    [
      0.000876,
      "\u001b[90m▌\u001b[30;39m \r\n"
    ],
    [
      0.000786,
      "\u001b[90m▌\u001b[30;39m Time: 520 ms, Memory: 21.00MB\r\n\u001b[90m▌\u001b[30;39m \r\n\u001b[90m▌\u001b[30;39m The"
    ],
    [
      0.001153,
      "re was 1 failure:\r\n\u001b[90m▌\u001b[30;39m \r\n\u001b[90m▌\u001b[30;39m 1) "
    ],
    [
      0.00147,
      "ExampleTest::testVersion\r\n"
    ],
    [
      0.014146,
      "\u001b[90m▌\u001b[30;39m Faile"
    ],
    [
      0.000122,
      "d asser"
    ],
    [
      0.0001,
      "ting t"
    ],
    [
      0.000147,
      "hat "
    ],
    [
      0.000129,
      "'2.5.3' "
    ],
    [
      0.000098,
      "matc"
    ],
    [
      0.000098,
      "hes "
    ],
    [
      0.000096,
      "PCR"
    ],
    [
      0.000138,
      "E pat"
    ],
    [
      0.000167,
      "tern "
    ],
    [
      0.000149,
      "\"/^(?!2.5"
    ],
    [
      0.000232,
      ")/\"."
    ],
    [
      0.000135,
      "\r\n"
    ],
    [
      0.001193,
      "\u001b[90m▌\u001b[30;39m \r\n"
    ],
    [
      0.001234,
      "\u001b[90m▌\u001b[30;39m /home/uiii/pw-test/example/tests/ExampleTest.php:27\r\n"
    ],
    [
      0.000969,
      "\u001b[90m▌\u001b[30;39m \r\n\u001b[90m▌\u001b[30;39m \u001b[37;41mFAILURES!\u001b["
    ],
    [
      0.00232,
      "0m\r\n\u001b[90m▌\u001b[30;39m \u001b[37;41mTests: 3\u001b[0m\u001b"
    ],
    [
      0.000989,
      "[37;41m, Assertions: 3\u001b[0m\u001b[37;41m, Failures: 1\u001b[0m\u001b[37;41m.\u001b[0m\r\n"
    ],
    [
      0.03061,
      "\r\n"
    ],
    [
      0.002296,
      "\u001b[37mCleaning up ... \u001b[39m"
    ],
    [
      1.843645,
      "\r                             "
    ],
    [
      0.000195,
      "\r"
    ],
    [
      0.000264,
      "\u001b[96m:: Testing against ProcessWire 2.7 ::\u001b[30;39m\r\n\r\n"
    ],
    [
      0.001333,
      "\u001b[37mInitializing ... \u001b[39m"
    ],
    [
      0.000221,
      "\r                              \r\u001b[90mUsing latest matching ProcessWire version: 2.7.2\u001b[30;39m\r\n\r\n"
    ],
    [
      0.703064,
      "\u001b[37mInstalling ProcessWire 2.7.2 ... \u001b[39m"
    ],
    [
      3.975239,
      "\r"
    ],
    [
      0.000314,
      "                                              \r"
    ],
    [
      0.000174,
      "\u001b[90m▌\u001b[30;39m PHPUn"
    ],
    [
      0.000185,
      "it 5.7.1"
    ],
    [
      0.000185,
      "5 by Seba"
    ],
    [
      0.000184,
      "stian Ber"
    ],
    [
      0.000197,
      "gmann and contr"
    ],
    [
      0.000186,
      "ibutors.\r\n"
    ],
    [
      0.000669,
      "\u001b[90m▌\u001b[30;39m \r\n"
    ],
    [
      0.105259,
      "\u001b[90m▌\u001b[30;39m ."
    ],
    [
      0.003363,
      "."
    ],
    [
      0.000689,
      ".    "
    ],
    [
      0.000101,
      "         "
    ],
    [
      0.000084,
      "      "
    ],
    [
      0.000178,
      "      "
    ],
    [
      0.000135,
      "           "
    ],
    [
      0.000093,
      "        "
    ],
    [
      0.000179,
      "      "
    ],
    [
      0.000135,
      "               "
    ],
    [
      0.000092,
      "3 / 3 (1"
    ],
    [
      0.000125,
      "00%)\r\n"
    ],
    [
      0.000846,
      "\u001b[90m▌\u001b[30;39m \r\n"
    ],
    [
      0.000585,
      "\u001b[90m▌\u001b[30;39m Time: 1.08 seconds, Mem"
    ],
    [
      0.000176,
      "ory: 27.50MB\r\n\u001b[90m▌\u001b[30;39m "
    ],
    [
      0.000543,
      "\r\n"
    ],
    [
      0.000576,
      "\u001b[90m▌\u001b[30;39m \u001b[30;42mOK (3 tests, 3 asser"
    ],
    [
      0.000204,
      "tions)\u001b[0m\r\n"
    ],
    [
      0.050329,
      "\r\n"
    ],
    [
      0.001729,
      "\u001b[37mCleaning up ... \u001b[39m"
    ],
    [
      1.846136,
      "\r"
    ],
    [
      0.000238,
      "                             \r"
    ],
    [
      0.000285,
      "\u001b[96m:: Testing against ProcessWire 3.0 ::\u001b[30;39m\r\n"
    ],
    [
      0.000811,
      "\r\n"
    ],
    [
      0.000752,
      "\u001b[37mInitializing ... \u001b[39m\r                              \r\u001b[90mUsing latest matching ProcessWire version: 3.0.42\u001b[30;39m\r\n\r\n"
    ],
    [
      0.176237,
      "\u001b[37mInstalling ProcessWire 3.0.42 ... \u001b[39m"
    ],
    [
      3.683942,
      "\r"
    ],
    [
      0.000309,
      "                                               \r"
    ],
    [
      0.0002,
      "\u001b[90m▌\u001b[30;39m P"
    ],
    [
      0.000162,
      "HPUnit 5.7"
    ],
    [
      0.000183,
      ".15 by S"
    ],
    [
      0.000167,
      "ebastian "
    ],
    [
      0.000171,
      "Bergman"
    ],
    [
      0.000182,
      "n and con"
    ],
    [
      0.000201,
      "tributors."
    ],
    [
      0.000154,
      "\r\n"
    ],
    [
      0.000953,
      "\u001b[90m▌\u001b[30;39m \r\n"
    ],
    [
      0.167026,
      "\u001b[90m▌\u001b[30;39m ."
    ],
    [
      0.003434,
      "."
    ],
    [
      0.000675,
      ".    "
    ],
    [
      0.000103,
      "         "
    ],
    [
      0.000085,
      "      "
    ],
    [
      0.000082,
      "      "
    ],
    [
      0.000156,
      "     "
    ],
    [
